{"cameraMode":{"drawMode":0,"name":"Shaded","section":"Shading Mode"},"sceneLighting":true,"audioPlay":false,"sceneViewState":{"m_AlwaysRefresh":false,"showFog":true,"showSkybox":true,"showFlares":true,"showImageEffects":true,"showParticleSystems":true,"showVisualEffectGraphs":true,"m_FxEnabled":true},"in2DMode":false,"pivot":{"x":-46.4444580078125,"y":46.15711975097656,"z":332.03875732421877},"rotation":{"x":0.015067960135638714,"y":0.4578397870063782,"z":-0.006017951760441065,"w":0.8888987898826599},"size":215.62916564941407,"orthographic":false}